<?xml version="1.0" encoding="UTF-8"?>
<!DOCTYPE suite SYSTEM "https://testng.org/testng-1.0.dtd">
<suite name="Suite" parallel="none">
<listeners>
		<listener class-name="utilities.ExtentReportManager"/>
	</listeners>
	<test name="Chrome">
		<parameter name="browser" value="Chrome"></parameter>
		<classes>
			<class name="testCases.TC_01_newsAroundCognizant" />
		</classes>
	</test>	
	<test name="Edge">
		<parameter name="browser" value="Edge"></parameter>
		<classes>
			<class name="testCases.TC_01_newsAroundCognizant" />
		</classes>
	</test>	
</suite>
  